"","SNP","effect_allele.exposure","other_allele.exposure","effect_allele.outcome","other_allele.outcome","beta.exposure","beta.outcome","eaf.exposure","eaf.outcome","remove","palindromic","ambiguous","id.outcome","pval.outcome","se.outcome","outcome","mr_keep.outcome","pval_origin.outcome","data_source.outcome","se.exposure","pval.exposure","exposure","mr_keep.exposure","pval_origin.exposure","id.exposure","data_source.exposure","action","mr_keep","samplesize.outcome"
"1","rs10062049","T","C","T","C",0.2113,0.001193522,0.1365,NA,FALSE,FALSE,FALSE,"AdWCdY",0.67,0.002805376,"Alcohol drinks per week",TRUE,"reported","textfile",0.0221,1.43e-21,"Diastolic blood pressure",TRUE,"reported","ByocLx","textfile",2,TRUE,NA
"2","rs10087782","T","C","T","C",0.1211,-0.00039745,0.448,NA,FALSE,FALSE,FALSE,"AdWCdY",0.838,0.001939357,"Alcohol drinks per week",TRUE,"reported","textfile",0.0151,1.21e-15,"Diastolic blood pressure",TRUE,"reported","ByocLx","textfile",2,TRUE,NA
"3","rs1047030","A","G","A","G",0.1291,-0.006293762,0.8052,NA,FALSE,FALSE,FALSE,"AdWCdY",0.00933,0.002420678,"Alcohol drinks per week",TRUE,"reported","textfile",0.0205,3.01e-10,"Diastolic blood pressure",TRUE,"reported","ByocLx","textfile",2,TRUE,NA
"4","rs10906391","T","C","T","C",0.121,0.00171412,0.3221,NA,FALSE,FALSE,FALSE,"AdWCdY",0.41,0.002080206,"Alcohol drinks per week",TRUE,"reported","textfile",0.0163,1.32e-13,"Diastolic blood pressure",TRUE,"reported","ByocLx","textfile",2,TRUE,NA
"5","rs1098708","A","G","A","G",-0.0931,4.83e-05,0.5411,NA,FALSE,FALSE,FALSE,"AdWCdY",0.98,0.001935761,"Alcohol drinks per week",TRUE,"reported","textfile",0.0152,9.3e-10,"Diastolic blood pressure",TRUE,"reported","ByocLx","textfile",2,TRUE,NA
"6","rs11026586","A","G","A","G",0.2606,-0.001753257,0.0726,NA,FALSE,FALSE,FALSE,"AdWCdY",0.655,0.003930239,"Alcohol drinks per week",TRUE,"reported","textfile",0.0299,3.17e-18,"Diastolic blood pressure",TRUE,"reported","ByocLx","textfile",2,TRUE,NA
"7","rs11080134","A","G","A","G",-0.0974,-0.003810024,0.6464,NA,FALSE,FALSE,FALSE,"AdWCdY",0.0581,0.002010854,"Alcohol drinks per week",TRUE,"reported","textfile",0.0159,9.27e-10,"Diastolic blood pressure",TRUE,"reported","ByocLx","textfile",2,TRUE,NA
"8","rs113134141","A","G","A","G",-0.1569,-0.003347505,0.8985,NA,FALSE,FALSE,FALSE,"AdWCdY",0.299,0.003221138,"Alcohol drinks per week",TRUE,"reported","textfile",0.025,3.47e-10,"Diastolic blood pressure",TRUE,"reported","ByocLx","textfile",2,TRUE,NA
"9","rs11628933","C","G","C","G",-0.1338,0.000508172,0.2321,NA,FALSE,TRUE,TRUE,"AdWCdY",0.824,0.002288693,"Alcohol drinks per week",TRUE,"reported","textfile",0.0179,7.4e-14,"Diastolic blood pressure",TRUE,"reported","ByocLx","textfile",2,FALSE,NA
"10","rs11665020","C","G","C","G",-0.1371,-0.001663035,0.3201,NA,FALSE,TRUE,TRUE,"AdWCdY",0.42,0.002061156,"Alcohol drinks per week",TRUE,"reported","textfile",0.0163,4.55e-17,"Diastolic blood pressure",TRUE,"reported","ByocLx","textfile",2,FALSE,NA
"11","rs11923667","A","T","A","T",0.1222,-0.004676509,0.4097,NA,FALSE,TRUE,TRUE,"AdWCdY",0.0168,0.001957058,"Alcohol drinks per week",TRUE,"reported","textfile",0.0153,1.69e-15,"Diastolic blood pressure",TRUE,"reported","ByocLx","textfile",2,FALSE,NA
"12","rs12078697","C","G","C","G",-0.1083,0.001316543,0.2103,NA,FALSE,TRUE,TRUE,"AdWCdY",0.578,0.002368405,"Alcohol drinks per week",TRUE,"reported","textfile",0.0186,5.46e-09,"Diastolic blood pressure",TRUE,"reported","ByocLx","textfile",2,FALSE,NA
"13","rs12142296","T","G","T","G",-0.1716,0.009661695,0.8643,NA,FALSE,FALSE,FALSE,"AdWCdY",0.000659,0.002836771,"Alcohol drinks per week",TRUE,"reported","textfile",0.0222,1.1e-14,"Diastolic blood pressure",TRUE,"reported","ByocLx","textfile",2,TRUE,NA
"14","rs1220128","C","G","C","G",0.1733,-0.000818872,0.8525,NA,FALSE,TRUE,TRUE,"AdWCdY",0.767,0.00276356,"Alcohol drinks per week",TRUE,"reported","textfile",0.0214,5.49e-16,"Diastolic blood pressure",TRUE,"reported","ByocLx","textfile",2,FALSE,NA
"15","rs1232482","T","C","T","C",-0.1155,-0.006168224,0.401,NA,FALSE,FALSE,FALSE,"AdWCdY",0.00176,0.001972381,"Alcohol drinks per week",TRUE,"reported","textfile",0.0153,4.78e-14,"Diastolic blood pressure",TRUE,"reported","ByocLx","textfile",2,TRUE,NA
"16","rs1271309","A","G","A","G",-0.1786,0.00806936,0.1603,NA,FALSE,FALSE,FALSE,"AdWCdY",0.00205,0.002618046,"Alcohol drinks per week",TRUE,"reported","textfile",0.0209,1.36e-17,"Diastolic blood pressure",TRUE,"reported","ByocLx","textfile",2,TRUE,NA
"17","rs13001283","A","G","A","G",0.1513,0.000389201,0.1596,NA,FALSE,FALSE,FALSE,"AdWCdY",0.882,0.002618046,"Alcohol drinks per week",TRUE,"reported","textfile",0.0207,2.73e-13,"Diastolic blood pressure",TRUE,"reported","ByocLx","textfile",2,TRUE,NA
"18","rs1565716","A","G","A","G",0.2012,0.003559961,0.0696,NA,FALSE,FALSE,FALSE,"AdWCdY",0.358,0.003870438,"Alcohol drinks per week",TRUE,"reported","textfile",0.0298,1.49e-11,"Diastolic blood pressure",TRUE,"reported","ByocLx","textfile",2,TRUE,NA
"19","rs1607644","A","G","A","G",-0.1035,-0.001177571,0.3639,NA,FALSE,FALSE,FALSE,"AdWCdY",0.557,0.00200483,"Alcohol drinks per week",TRUE,"reported","textfile",0.0155,2.75e-11,"Diastolic blood pressure",TRUE,"reported","ByocLx","textfile",2,TRUE,NA
"20","rs1706003","T","G","T","G",0.1326,-0.000864905,0.4652,NA,FALSE,FALSE,FALSE,"AdWCdY",0.655,0.001933986,"Alcohol drinks per week",TRUE,"reported","textfile",0.0157,2.76e-17,"Diastolic blood pressure",TRUE,"reported","ByocLx","textfile",2,TRUE,NA
"21","rs1718845","A","G","A","G",-0.0963,-0.002758031,0.2973,NA,FALSE,FALSE,FALSE,"AdWCdY",0.19,0.002102979,"Alcohol drinks per week",TRUE,"reported","textfile",0.0165,5.14e-09,"Diastolic blood pressure",TRUE,"reported","ByocLx","textfile",2,TRUE,NA
"22","rs17224476","A","G","A","G",0.1547,-0.003703451,0.1103,NA,FALSE,FALSE,FALSE,"AdWCdY",0.234,0.003107867,"Alcohol drinks per week",TRUE,"reported","textfile",0.0241,1.3e-10,"Diastolic blood pressure",TRUE,"reported","ByocLx","textfile",2,TRUE,NA
"23","rs1722886","A","T","A","T",0.1166,-0.002384989,0.567,NA,FALSE,TRUE,TRUE,"AdWCdY",0.221,0.001947335,"Alcohol drinks per week",TRUE,"reported","textfile",0.0153,2.37e-14,"Diastolic blood pressure",TRUE,"reported","ByocLx","textfile",2,FALSE,NA
"24","rs17248480","A","G","A","G",-0.5064,-0.031445548,0.0286,NA,FALSE,FALSE,FALSE,"AdWCdY",4.3e-07,0.006214972,"Alcohol drinks per week",TRUE,"reported","textfile",0.0479,4.07e-26,"Diastolic blood pressure",TRUE,"reported","ByocLx","textfile",2,TRUE,NA
"25","rs17880989","A","G","A","G",0.3648,-0.009231678,0.0256,NA,FALSE,FALSE,FALSE,"AdWCdY",0.113,0.005826983,"Alcohol drinks per week",TRUE,"reported","textfile",0.0506,5.58e-13,"Diastolic blood pressure",TRUE,"reported","ByocLx","textfile",2,TRUE,NA
"26","rs1821295","T","C","T","C",-0.1347,-0.001843451,0.6998,NA,FALSE,FALSE,FALSE,"AdWCdY",0.378,0.002091322,"Alcohol drinks per week",TRUE,"reported","textfile",0.0165,2.78e-16,"Diastolic blood pressure",TRUE,"reported","ByocLx","textfile",2,TRUE,NA
"27","rs1886914","T","G","C","G",-0.1113,-7.71e-05,0.4094,NA,TRUE,FALSE,FALSE,"AdWCdY",0.969,0.001965533,"Alcohol drinks per week",TRUE,"reported","textfile",0.0154,4.18e-13,"Diastolic blood pressure",TRUE,"reported","ByocLx","textfile",2,FALSE,NA
"28","rs1947228","T","C","T","C",-0.1451,0.000960098,0.4194,NA,FALSE,FALSE,FALSE,"AdWCdY",0.624,0.001955722,"Alcohol drinks per week",TRUE,"reported","textfile",0.0153,2.39e-21,"Diastolic blood pressure",TRUE,"reported","ByocLx","textfile",2,TRUE,NA
"29","rs1996992","T","G","T","G",-0.2964,0.002563477,0.052,NA,FALSE,FALSE,FALSE,"AdWCdY",0.561,0.004409315,"Alcohol drinks per week",TRUE,"reported","textfile",0.0344,6.54e-18,"Diastolic blood pressure",TRUE,"reported","ByocLx","textfile",2,TRUE,NA
"30","rs2222544","T","C","T","C",-0.0987,0.010827232,0.7368,NA,FALSE,FALSE,FALSE,"AdWCdY",8.45e-07,0.002196415,"Alcohol drinks per week",TRUE,"reported","textfile",0.0171,8.53e-09,"Diastolic blood pressure",TRUE,"reported","ByocLx","textfile",2,TRUE,NA
"31","rs2390258","A","G","A","G",-0.1031,0.001747214,0.3079,NA,FALSE,FALSE,FALSE,"AdWCdY",0.408,0.002111062,"Alcohol drinks per week",TRUE,"reported","textfile",0.0163,2.68e-10,"Diastolic blood pressure",TRUE,"reported","ByocLx","textfile",2,TRUE,NA
"32","rs2707238","C","G","C","G",0.1019,-0.002261001,0.2842,NA,FALSE,TRUE,TRUE,"AdWCdY",0.292,0.002146047,"Alcohol drinks per week",TRUE,"reported","textfile",0.0168,1.37e-09,"Diastolic blood pressure",TRUE,"reported","ByocLx","textfile",2,FALSE,NA
"33","rs28667801","A","T","A","T",-0.1449,0.000514812,0.593,NA,FALSE,TRUE,TRUE,"AdWCdY",0.793,0.001961277,"Alcohol drinks per week",TRUE,"reported","textfile",0.0157,2.28e-20,"Diastolic blood pressure",TRUE,"reported","ByocLx","textfile",2,FALSE,NA
"34","rs2929184","A","G","A","G",0.1164,-0.001397323,0.77,NA,FALSE,FALSE,FALSE,"AdWCdY",0.541,0.002281819,"Alcohol drinks per week",TRUE,"reported","textfile",0.0187,5.05e-10,"Diastolic blood pressure",TRUE,"reported","ByocLx","textfile",2,TRUE,NA
"35","rs34163044","A","C","A","C",0.1488,0.001733958,0.4184,NA,FALSE,FALSE,FALSE,"AdWCdY",0.375,0.001957058,"Alcohol drinks per week",TRUE,"reported","textfile",0.0157,2.04e-21,"Diastolic blood pressure",TRUE,"reported","ByocLx","textfile",2,TRUE,NA
"36","rs34324971","A","G","A","G",0.1199,-0.004798672,0.1864,NA,FALSE,FALSE,FALSE,"AdWCdY",0.0545,0.002494711,"Alcohol drinks per week",TRUE,"reported","textfile",0.0199,1.81e-09,"Diastolic blood pressure",TRUE,"reported","ByocLx","textfile",2,TRUE,NA
"37","rs34517439","A","C","A","C",-0.233,-0.002901283,0.1169,NA,FALSE,FALSE,FALSE,"AdWCdY",0.331,0.002984518,"Alcohol drinks per week",TRUE,"reported","textfile",0.0248,4.84e-21,"Diastolic blood pressure",TRUE,"reported","ByocLx","textfile",2,TRUE,NA
"38","rs35981664","A","T","A","T",-0.1542,-0.000411939,0.6914,NA,FALSE,TRUE,TRUE,"AdWCdY",0.844,0.002091305,"Alcohol drinks per week",TRUE,"reported","textfile",0.0166,1.46e-20,"Diastolic blood pressure",TRUE,"reported","ByocLx","textfile",2,FALSE,NA
"39","rs360153","T","C","T","C",-0.1917,-0.002088848,0.4152,NA,FALSE,FALSE,FALSE,"AdWCdY",0.285,0.001956386,"Alcohol drinks per week",TRUE,"reported","textfile",0.0152,2.71e-36,"Diastolic blood pressure",TRUE,"reported","ByocLx","textfile",2,TRUE,NA
"40","rs3898618","T","C","T","C",-0.2532,0.012195752,0.9458,NA,FALSE,FALSE,FALSE,"AdWCdY",0.00447,0.004290451,"Alcohol drinks per week",TRUE,"reported","textfile",0.0336,4.76e-14,"Diastolic blood pressure",TRUE,"reported","ByocLx","textfile",2,TRUE,NA
"41","rs4286632","A","G","A","G",0.127,-0.005856903,0.7299,NA,FALSE,FALSE,FALSE,"AdWCdY",0.00689,0.002167737,"Alcohol drinks per week",TRUE,"reported","textfile",0.017,9.26e-14,"Diastolic blood pressure",TRUE,"reported","ByocLx","textfile",2,TRUE,NA
"42","rs4411245","A","G","A","G",0.1023,-0.000387342,0.2934,NA,FALSE,FALSE,FALSE,"AdWCdY",0.855,0.002113122,"Alcohol drinks per week",TRUE,"reported","textfile",0.0165,5.92e-10,"Diastolic blood pressure",TRUE,"reported","ByocLx","textfile",2,TRUE,NA
"43","rs4424827","T","C","T","C",-0.0948,-0.000764403,0.5663,NA,FALSE,FALSE,FALSE,"AdWCdY",0.695,0.001947879,"Alcohol drinks per week",TRUE,"reported","textfile",0.0152,4.17e-10,"Diastolic blood pressure",TRUE,"reported","ByocLx","textfile",2,TRUE,NA
"44","rs45474499","T","C","T","C",0.3433,-0.003594617,0.0469,NA,FALSE,FALSE,FALSE,"AdWCdY",0.418,0.004438137,"Alcohol drinks per week",TRUE,"reported","textfile",0.0362,2.52e-21,"Diastolic blood pressure",TRUE,"reported","ByocLx","textfile",2,TRUE,NA
"45","rs4634143","T","C","T","C",0.1129,0.002341281,0.2975,NA,FALSE,FALSE,FALSE,"AdWCdY",0.267,0.002111062,"Alcohol drinks per week",TRUE,"reported","textfile",0.0166,9.05e-12,"Diastolic blood pressure",TRUE,"reported","ByocLx","textfile",2,TRUE,NA
"46","rs4851462","T","C","T","C",-0.1138,-0.008122122,0.6262,NA,FALSE,FALSE,FALSE,"AdWCdY",4.98e-05,0.001999528,"Alcohol drinks per week",TRUE,"reported","textfile",0.0158,6.43e-13,"Diastolic blood pressure",TRUE,"reported","ByocLx","textfile",2,TRUE,NA
"47","rs55684003","A","G","A","G",0.1193,-0.006106794,0.6991,NA,FALSE,FALSE,FALSE,"AdWCdY",0.00359,0.002097082,"Alcohol drinks per week",TRUE,"reported","textfile",0.0164,4.03e-13,"Diastolic blood pressure",TRUE,"reported","ByocLx","textfile",2,TRUE,NA
"48","rs55747751","A","G","A","G",-0.2159,-0.00150598,0.0795,NA,FALSE,FALSE,FALSE,"AdWCdY",0.66,0.003427998,"Alcohol drinks per week",TRUE,"reported","textfile",0.0288,6.07e-14,"Diastolic blood pressure",TRUE,"reported","ByocLx","textfile",2,TRUE,NA
"49","rs55829085","A","C","A","C",-0.2672,-0.008557714,0.9545,NA,FALSE,FALSE,FALSE,"AdWCdY",0.0731,0.00477645,"Alcohol drinks per week",TRUE,"reported","textfile",0.0371,5.73e-13,"Diastolic blood pressure",TRUE,"reported","ByocLx","textfile",2,TRUE,NA
"50","rs56236159","T","G","T","G",-0.1285,-0.005994735,0.1457,NA,FALSE,FALSE,FALSE,"AdWCdY",0.0311,0.002779992,"Alcohol drinks per week",TRUE,"reported","textfile",0.0219,4.77e-09,"Diastolic blood pressure",TRUE,"reported","ByocLx","textfile",2,TRUE,NA
"51","rs59333122","A","C","A","C",0.1069,0.00237796,0.2724,NA,FALSE,FALSE,FALSE,"AdWCdY",0.272,0.002161782,"Alcohol drinks per week",TRUE,"reported","textfile",0.0179,2.36e-09,"Diastolic blood pressure",TRUE,"reported","ByocLx","textfile",2,TRUE,NA
"52","rs598682","A","G","A","G",-0.1153,-0.001266623,0.2505,NA,FALSE,FALSE,FALSE,"AdWCdY",0.569,0.002221804,"Alcohol drinks per week",TRUE,"reported","textfile",0.0173,2.59e-11,"Diastolic blood pressure",TRUE,"reported","ByocLx","textfile",2,TRUE,NA
"53","rs603424","A","G","A","G",0.1717,-0.000229728,0.1815,NA,FALSE,FALSE,FALSE,"AdWCdY",0.929,0.002586283,"Alcohol drinks per week",TRUE,"reported","textfile",0.0202,1.81e-17,"Diastolic blood pressure",TRUE,"reported","ByocLx","textfile",2,TRUE,NA
"54","rs61892344","T","C","T","C",-0.1162,-0.005900443,0.1736,NA,FALSE,FALSE,FALSE,"AdWCdY",0.0228,0.002592506,"Alcohol drinks per week",TRUE,"reported","textfile",0.0199,5.64e-09,"Diastolic blood pressure",TRUE,"reported","ByocLx","textfile",2,TRUE,NA
"55","rs62004794","A","G","A","G",-0.0948,-0.002296141,0.4418,NA,FALSE,FALSE,FALSE,"AdWCdY",0.237,0.001940593,"Alcohol drinks per week",TRUE,"reported","textfile",0.0151,3.77e-10,"Diastolic blood pressure",TRUE,"reported","ByocLx","textfile",2,TRUE,NA
"56","rs62229372","T","C","T","C",0.1446,-0.007428008,0.1269,NA,FALSE,FALSE,FALSE,"AdWCdY",0.0106,0.002906804,"Alcohol drinks per week",TRUE,"reported","textfile",0.024,1.69e-09,"Diastolic blood pressure",TRUE,"reported","ByocLx","textfile",2,TRUE,NA
"57","rs6565174","A","C","A","C",-0.1821,0.003145273,0.1104,NA,FALSE,FALSE,FALSE,"AdWCdY",0.3,0.00304065,"Alcohol drinks per week",TRUE,"reported","textfile",0.0243,6.63e-14,"Diastolic blood pressure",TRUE,"reported","ByocLx","textfile",2,TRUE,NA
"58","rs668459","T","C","T","C",-0.1219,0.001130537,0.5858,NA,FALSE,FALSE,FALSE,"AdWCdY",0.564,0.001959128,"Alcohol drinks per week",TRUE,"reported","textfile",0.0152,1.07e-15,"Diastolic blood pressure",TRUE,"reported","ByocLx","textfile",2,TRUE,NA
"59","rs6777317","A","G","A","G",0.1147,0.002594191,0.2949,NA,FALSE,FALSE,FALSE,"AdWCdY",0.224,0.002132412,"Alcohol drinks per week",TRUE,"reported","textfile",0.0168,8.35e-12,"Diastolic blood pressure",TRUE,"reported","ByocLx","textfile",2,TRUE,NA
"60","rs7020564","A","T","A","T",-0.1105,0.001888078,0.6985,NA,FALSE,TRUE,TRUE,"AdWCdY",0.37,0.002106989,"Alcohol drinks per week",TRUE,"reported","textfile",0.0169,6.79e-11,"Diastolic blood pressure",TRUE,"reported","ByocLx","textfile",2,FALSE,NA
"61","rs7134060","A","G","A","G",-0.0999,0.002007808,0.446,NA,FALSE,FALSE,FALSE,"AdWCdY",0.302,0.001941021,"Alcohol drinks per week",TRUE,"reported","textfile",0.0151,4.01e-11,"Diastolic blood pressure",TRUE,"reported","ByocLx","textfile",2,TRUE,NA
"62","rs7137749","T","C","T","C",0.132,-0.004956775,0.3668,NA,FALSE,FALSE,FALSE,"AdWCdY",0.0134,0.002003657,"Alcohol drinks per week",TRUE,"reported","textfile",0.0157,4.47e-17,"Diastolic blood pressure",TRUE,"reported","ByocLx","textfile",2,TRUE,NA
"63","rs7180952","T","C","T","C",-0.0984,-0.002215219,0.5421,NA,FALSE,FALSE,FALSE,"AdWCdY",0.252,0.001935446,"Alcohol drinks per week",TRUE,"reported","textfile",0.0153,1.19e-10,"Diastolic blood pressure",TRUE,"reported","ByocLx","textfile",2,TRUE,NA
"64","rs72704264","C","G","C","G",0.1173,-0.003412075,0.2138,NA,FALSE,TRUE,TRUE,"AdWCdY",0.125,0.002225792,"Alcohol drinks per week",TRUE,"reported","textfile",0.0188,4.23e-10,"Diastolic blood pressure",TRUE,"reported","ByocLx","textfile",2,FALSE,NA
"65","rs73033340","A","G","A","G",0.4615,-0.006205345,0.9617,NA,FALSE,FALSE,FALSE,"AdWCdY",0.238,0.005263305,"Alcohol drinks per week",TRUE,"reported","textfile",0.0456,4.42e-24,"Diastolic blood pressure",TRUE,"reported","ByocLx","textfile",2,TRUE,NA
"66","rs73049928","A","G","A","G",-0.1167,0.001486304,0.8072,NA,FALSE,FALSE,FALSE,"AdWCdY",0.539,0.002420678,"Alcohol drinks per week",TRUE,"reported","textfile",0.0195,2.13e-09,"Diastolic blood pressure",TRUE,"reported","ByocLx","textfile",2,TRUE,NA
"67","rs75507123","T","G","T","G",-0.1396,0.005850294,0.1281,NA,FALSE,FALSE,FALSE,"AdWCdY",0.047,0.002947336,"Alcohol drinks per week",TRUE,"reported","textfile",0.0227,8.47e-10,"Diastolic blood pressure",TRUE,"reported","ByocLx","textfile",2,TRUE,NA
"68","rs7606205","A","C","A","C",-0.1207,-0.005867856,0.7007,NA,FALSE,FALSE,FALSE,"AdWCdY",0.00566,0.002121528,"Alcohol drinks per week",TRUE,"reported","textfile",0.0166,3.69e-13,"Diastolic blood pressure",TRUE,"reported","ByocLx","textfile",2,TRUE,NA
"69","rs8069739","T","C","T","C",-0.1082,0.001582914,0.32,NA,FALSE,FALSE,FALSE,"AdWCdY",0.445,0.002071338,"Alcohol drinks per week",TRUE,"reported","textfile",0.0161,1.98e-11,"Diastolic blood pressure",TRUE,"reported","ByocLx","textfile",2,TRUE,NA
"70","rs873122","C","G","C","G",0.1147,0.004158982,0.7199,NA,FALSE,TRUE,TRUE,"AdWCdY",0.052,0.002139149,"Alcohol drinks per week",TRUE,"reported","textfile",0.017,1.62e-11,"Diastolic blood pressure",TRUE,"reported","ByocLx","textfile",2,FALSE,NA
"71","rs875106","A","G","A","G",-0.1217,0.000171129,0.5229,NA,FALSE,FALSE,FALSE,"AdWCdY",0.929,0.001931469,"Alcohol drinks per week",TRUE,"reported","textfile",0.0151,7.66e-16,"Diastolic blood pressure",TRUE,"reported","ByocLx","textfile",2,TRUE,NA
"72","rs9472135","T","C","T","C",0.1444,0.002032114,0.6999,NA,FALSE,FALSE,FALSE,"AdWCdY",0.332,0.002097082,"Alcohol drinks per week",TRUE,"reported","textfile",0.0165,2.09e-18,"Diastolic blood pressure",TRUE,"reported","ByocLx","textfile",2,TRUE,NA
"73","rs954767","A","C","A","C",-0.1389,-0.001803646,0.7391,NA,FALSE,FALSE,FALSE,"AdWCdY",0.411,0.002193704,"Alcohol drinks per week",TRUE,"reported","textfile",0.0171,4.71e-16,"Diastolic blood pressure",TRUE,"reported","ByocLx","textfile",2,TRUE,NA
"74","rs9563529","T","G","T","G",0.1173,-0.00379312,0.2058,NA,FALSE,FALSE,FALSE,"AdWCdY",0.112,0.002389441,"Alcohol drinks per week",TRUE,"reported","textfile",0.0188,4.27e-10,"Diastolic blood pressure",TRUE,"reported","ByocLx","textfile",2,TRUE,NA
"75","rs9638084","A","G","A","G",0.1107,0.003379453,0.3956,NA,FALSE,FALSE,FALSE,"AdWCdY",0.0855,0.001964267,"Alcohol drinks per week",TRUE,"reported","textfile",0.0155,8.93e-13,"Diastolic blood pressure",TRUE,"reported","ByocLx","textfile",2,TRUE,NA
"76","rs9865843","A","G","A","G",-0.0906,-0.001081326,0.5197,NA,FALSE,FALSE,FALSE,"AdWCdY",0.575,0.001929709,"Alcohol drinks per week",TRUE,"reported","textfile",0.0153,3.42e-09,"Diastolic blood pressure",TRUE,"reported","ByocLx","textfile",2,TRUE,NA
"77","rs9932866","A","G","A","G",0.1098,0.004793637,0.369,NA,FALSE,FALSE,FALSE,"AdWCdY",0.0158,0.001985322,"Alcohol drinks per week",TRUE,"reported","textfile",0.0158,3.41e-12,"Diastolic blood pressure",TRUE,"reported","ByocLx","textfile",2,TRUE,NA
